Sample,type,chr,start,end
S06128,deletion,6,161768500,163148900
S06087,deletion,6,161768500,163148900
S34223,deletion,6,161768500,163148900
S20936,deletion,6,161768500,163148900
S27094,deletion,6,161768500,163148900
S29772,deletion,6,161768500,163148900
S06163,duplication,6,161768500,163148900
S35319,deletion,6,161768500,163148900
S33018,deletion,6,161768500,163148900
S32268,deletion,6,161768500,163148900
S32915,deletion,6,161768500,163148900
S32929,deletion,6,161768500,163148900
S02762,deletion,6,161768500,163148900
S22587,duplication,6,161768500,163148900
S22906,duplication,6,161768500,163148900
S22919,deletion,6,161768500,163148900
S22965,deletion,6,161768500,163148900
S22969,deletion,6,161768500,163148900
S23082,deletion,6,161768500,163148900
S23201,duplication,6,161768500,163148900
S33346,deletion,6,161768500,163148900
S33435,deletion,6,161768500,163148900
S33609,deletion,6,161768500,163148900
S29449,deletion,6,161768500,163148900
S35106,duplication,6,161768500,163148900
S35169,duplication,6,161768500,163148900
S35181,duplication,6,161768500,163148900
S29243,duplication,6,161768500,163148900
S29254,deletion,6,161768500,163148900
S29263,deletion,6,161768500,163148900
S23324,deletion,6,161768500,163148900
S33572,duplication,6,161768500,163148900
